session_id,date,task,result
Hivemind-001,2026-02-27,repo-structure,accept
Hivemind-002,2026-02-27,sqlite-schema,accept
Hivemind-003,2026-02-27,prompts-json,accept
Hivemind-004,2026-02-28,build-vet-validation,accept
Hivemind-005,2026-02-28,phase0-gap-closure,accept
Hivemind-006,2026-02-28,dashboard-stub-review,iterate
Hivemind-007,2026-02-28,telegram-stub-review,accept
Hivemind-008,2026-02-28,makefile-docker-review,accept
Hivemind-009,2026-02-28,agents-template-review,iterate
Hivemind-010,2026-02-28,state-api-review,accept
